<?xml version="1.0" encoding="UTF-8"?>
<beans xmlns="http://www.springframework.org/schema/beans"
	xmlns:xsi="http://www.w3.org/2001/XMLSchema-instance"
	xmlns:context="http://www.springframework.org/schema/context"
	xmlns:jdbc="http://www.springframework.org/schema/jdbc"
	xmlns:mybatis-spring="http://mybatis.org/schema/mybatis-spring"
	xsi:schemaLocation="http://www.springframework.org/schema/jdbc http://www.springframework.org/schema/jdbc/spring-jdbc-4.3.xsd
		http://mybatis.org/schema/mybatis-spring http://mybatis.org/schema/mybatis-spring-1.2.xsd
		http://www.springframework.org/schema/beans https://www.springframework.org/schema/beans/spring-beans.xsd
		http://www.springframework.org/schema/context http://www.springframework.org/schema/context/spring-context-4.3.xsd">
	
	<!-- Root Context: defines shared resources visible to all other web components -->
	
	<bean id="dataSource" class="org.springframework.jdbc.datasource.DriverManagerDataSource">
<property name="driverClassName" value="com.mysql.cj.jdbc.Driver"/>
<property name="url" value="jdbc:mysql://localhost:3306/test?serverTimezone=UTC" />
<property name="username" value="root" />
<property name="password" value="1234" />
</bean>

<!-- sessionFactory : db연결, 마이바티스환경설정, 매퍼  -->
<bean id="sqlSessionFactory" class="org.mybatis.spring.SqlSessionFactoryBean">
<property name="dataSource" ref="dataSource"/>
<property name="configLocation" value="classpath:/mybatis-config.xml" />
<property name="mapperLocations" value="classpath:mappers/*Mapper*.xml" />
      <!-- singrMapper.xml, aMapper.xml  -->
</bean>

 <!-- sqlSession  :  세션 설정  -->
 <bean id = "sqlSession" class="org.mybatis.spring.SqlSessionTemplate" destroy-method="clearCache">
    <constructor-arg ref="sqlSessionFactory" />    
 </bean>
  

<!-- 주입할 빈을 자동 완성 -->
<context:component-scan base-package="com.example.project"/>
		
		
		
		
</beans>
