<?xml version="1.0" encoding="UTF-8"?>
<beans xmlns="http://www.springframework.org/schema/beans"
	xmlns:xsi="http://www.w3.org/2001/XMLSchema-instance"
	xsi:schemaLocation="http://www.springframework.org/schema/beans http://www.springframework.org/schema/beans/spring-beans.xsd">

	<bean id = "piano" class = "di_sample4.Piano"></bean>
	<!-- <bean id ="saxophone" class ="di_sample4.Saxophone"></bean> -->
	<bean id ="kenny" class="di_sample4.Inlist">
		<property name="song" value="징글벨 노래..@..@징글벨..벨..엘...~@징글베..엘ㄹ..엘."/>
		<property name="instrument" ref="piano"></property> 
	</bean>
	

</beans>
