<?xml version="1.0" encoding="UTF-8"?>
<beans xmlns="http://www.springframework.org/schema/beans"
	xmlns:xsi="http://www.w3.org/2001/XMLSchema-instance"
	xsi:schemaLocation="http://www.springframework.org/schema/beans http://www.springframework.org/schema/beans/spring-beans.xsd">

<bean id = "cal" class = "di_sample5.Calc">
<property name="valueList">
<set>
	<value>10</value>
	<value>20</value> 
	<value>30</value>
	<value>10</value>
	<value>10</value>
</set>
</property>
</bean>

</beans>
