<?xml version="1.0" encoding="UTF-8"?>
<beans xmlns="http://www.springframework.org/schema/beans"
	xmlns:xsi="http://www.w3.org/2001/XMLSchema-instance"
	xmlns:context="http://www.springframework.org/schema/context"
	xsi:schemaLocation="http://www.springframework.org/schema/beans http://www.springframework.org/schema/beans/spring-beans.xsd
		http://www.springframework.org/schema/context http://www.springframework.org/schema/context/spring-context-3.2.xsd">

	<!-- 데이터베이스 연결 빈으로 정의 -->
	<bean id = "dataSource" 
	  class="org.springframework.jdbc.datasource.DriverManagerDataSource">
	<property name="driverClassName" value="com.mysql.cj.jdbc.Driver"/>
	<property name="url" value="jdbc:mysql://localhost:3306/test?serverTimezone=UTC"/>
	<property name="username" value="root"/>
	<property name="password" value="1234"/>
	</bean>
	
	<bean id="connectDB1" class="spring_jdbc.ConnectDB1">
	<property name="datasource" ref="dataSource"/>
	
	</bean>
</beans>

